id,full_name,email,gender,job
1,Rex Tamsett,rtamsett0@msn.com,Female,Financial Advisor
2,Parrnell Pepys,ppepys1@topsy.com,Male,General Manager
3,Suzy McFadzean,smcfadzean2@cam.ac.uk,Female,Research Nurse
4,Alphard Pfeiffer,apfeiffer3@cloudflare.com,Male,VP Marketing
5,Lucius Sprackling,lsprackling4@is.gd,Male,Executive Secretary
6,Elvin Stopforth,estopforth5@reuters.com,Female,Cost Accountant
7,Tana Torrent,ttorrent6@smugmug.com,Male,Teacher
8,Goldi Gouinlock,ggouinlock7@odnoklassniki.ru,Male,Account Executive
9,Carissa Dalrymple,cdalrymple8@cmu.edu,Female,Teacher
10,Georgina Brislawn,gbrislawn9@liveinternet.ru,Male,Help Desk Technician
11,Reyna Pigott,rpigotta@wikispaces.com,Female,VP Accounting
12,Amabel Antonioni,aantonionib@dmoz.org,Female,Electrical Engineer
13,Sheila Garrand,sgarrandc@fc2.com,Male,Speech Pathologist
14,Happy Duffett,hduffettd@edublogs.org,Male,Actuary
15,Willamina Rummery,wrummerye@alibaba.com,Male,Database Administrator I
16,Jean Croney,jcroneyf@pcworld.com,Female,Legal Assistant
17,Dena Puden,dpudeng@harvard.edu,Female,Clinical Specialist
18,Olivette Sandell,osandellh@nbcnews.com,Female,Assistant Media Planner
19,Guglielma Finders,gfindersi@pinterest.com,Female,Director of Sales
20,Opalina Begley,obegleyj@columbia.edu,Male,Account Executive
21,Bert Doge,bdogek@state.gov,Female,Junior Executive
22,Dalia Dukelow,ddukelowl@paginegialle.it,Male,Recruiter
23,Farra Puffett,fpuffettm@eepurl.com,Male,Marketing Manager
24,Zacharie Bollin,zbollinn@toplist.cz,Female,Operator
25,Lira Roads,lroadso@booking.com,Female,Quality Engineer
26,Keith O'Teague,koteaguep@ca.gov,Male,Paralegal
27,Devland Balint,dbalintq@desdev.cn,Male,Clinical Specialist
28,Bambie Baughn,bbaughnr@nymag.com,Male,Budget/Accounting Analyst II
29,Elaine Paragreen,eparagreens@people.com.cn,Male,Civil Engineer
30,Mathilda Sewart,msewartt@netscape.com,Female,Occupational Therapist
31,Tessy Kennsley,tkennsleyu@last.fm,Female,Research Associate
32,Karee Atterbury,katterburyv@businessweek.com,Male,Computer Systems Analyst II
33,Brockie Clementet,bclementetw@ning.com,Female,Research Associate
34,Rosemaria Blowfelde,rblowfeldex@pinterest.com,Female,Software Test Engineer III
35,Alyce Marginson,amarginsony@microsoft.com,Female,Project Manager
36,Rhianna Moller,rmollerz@amazon.co.jp,Female,Information Systems Manager
37,Mill Sarvar,msarvar10@mediafire.com,Male,Teacher
38,Angela Kochs,akochs11@cocolog-nifty.com,Female,Technical Writer
39,Whittaker Towe,wtowe12@foxnews.com,Male,Information Systems Manager
40,Dorothea Makiver,dmakiver13@state.gov,Male,Engineer I
41,Noelyn Truitt,ntruitt14@sbwire.com,Male,Help Desk Operator
42,Anita Jermey,ajermey15@printfriendly.com,Female,Food Chemist
43,Cody Cleever,ccleever16@oakley.com,Female,Staff Accountant III
44,Etta Alberti,ealberti17@alexa.com,Female,Sales Associate
45,Nelia Renneke,nrenneke18@yolasite.com,Female,Biostatistician III
46,Cassandry Tomasek,ctomasek19@redcross.org,Female,Accounting Assistant III
47,Margarete Barajaz,mbarajaz1a@ask.com,Male,Automation Specialist II
48,Darya Harmson,dharmson1b@parallels.com,Female,Professor
49,Harmonie Atte-Stone,hattestone1c@ovh.net,Male,Clinical Specialist
50,Cris Shotboulte,cshotboulte1d@purevolume.com,Male,Research Nurse
51,Britteny Dopson,bdopson1e@amazonaws.com,Female,VP Accounting
52,Celesta Behninck,cbehninck1f@stanford.edu,Female,Help Desk Operator
53,Rosella McNickle,rmcnickle1g@newyorker.com,Male,Media Manager II
54,Swen Thiese,sthiese1h@xing.com,Male,Recruiting Manager
55,Helen-elizabeth Skrzynski,hskrzynski1i@mapquest.com,Male,Software Consultant
56,Stefano Cobon,scobon1j@wsj.com,Female,Programmer II
57,Bernita Vasenin,bvasenin1k@wufoo.com,Female,VP Product Management
58,Olly Southway,osouthway1l@aol.com,Female,Cost Accountant
59,Arlee Haddock,ahaddock1m@goo.ne.jp,Male,Operator
60,Tallie Nanelli,tnanelli1n@slashdot.org,Female,Occupational Therapist
61,Erin Ewington,eewington1o@hexun.com,Male,Tax Accountant
62,Marsiella McKelvie,mmckelvie1p@fda.gov,Female,Product Engineer
63,Bernelle Taphouse,btaphouse1q@macromedia.com,Female,Clinical Specialist
64,Dolli Dradey,ddradey1r@pcworld.com,Male,Social Worker
65,Melicent Chaimson,mchaimson1s@scientificamerican.com,Male,Research Nurse
66,Sallee Eglinton,seglinton1t@tumblr.com,Female,Internal Auditor
67,Gweneth Osipenko,gosipenko1u@squidoo.com,Male,Systems Administrator III
68,Vivianne Rother,vrother1v@printfriendly.com,Female,VP Product Management
69,Mauricio Charnock,mcharnock1w@myspace.com,Female,Research Assistant I
70,Chris Morrowe,cmorrowe1x@mlb.com,Male,Recruiter
71,Dorine Meran,dmeran1y@people.com.cn,Female,Nurse
72,Thibaud Golborn,tgolborn1z@amazon.com,Male,Mechanical Systems Engineer
73,Farica Gunthorp,fgunthorp20@myspace.com,Female,Executive Secretary
74,Drucill O'Keenan,dokeenan21@ihg.com,Female,Account Coordinator
75,Smith Hookes,shookes22@vimeo.com,Male,Data Coordiator
76,Harrie Jakoviljevic,hjakoviljevic23@oracle.com,Female,Staff Scientist
77,Rodd Thomson,rthomson24@indiatimes.com,Female,Health Coach III
78,Chrystel Hymor,chymor25@lulu.com,Female,Account Coordinator
79,Anthia Farquhar,afarquhar26@slate.com,Female,Geologist IV
80,Nicolais Kulis,nkulis27@naver.com,Male,Senior Quality Engineer
81,Korie Sowerby,ksowerby28@unesco.org,Female,Financial Advisor
82,Gusta Yesinin,gyesinin29@arstechnica.com,Male,Quality Control Specialist
83,Willetta Rottcher,wrottcher2a@hibu.com,Male,Computer Systems Analyst I
84,Gun Suttling,gsuttling2b@loc.gov,Female,Internal Auditor
85,Tybi O'Leary,toleary2c@altervista.org,Male,Research Assistant III
86,Meg Olrenshaw,molrenshaw2d@goo.ne.jp,Female,Design Engineer
87,Bobbye Wilshin,bwilshin2e@goo.ne.jp,Male,Physical Therapy Assistant
88,Odelia Ewington,oewington2f@multiply.com,Female,Electrical Engineer
89,Ivor Yarmouth,iyarmouth2g@purevolume.com,Female,Senior Sales Associate
90,Claire Angeli,cangeli2h@is.gd,Female,VP Sales
91,Stearn Juggins,sjuggins2i@java.com,Female,Software Engineer IV
92,Tarah Wannes,twannes2j@youku.com,Male,Information Systems Manager
93,Terrie Donaghy,tdonaghy2k@nydailynews.com,Male,Safety Technician III
94,Elsey Darrington,edarrington2l@rakuten.co.jp,Male,VP Sales
95,Guss Hardwidge,ghardwidge2m@issuu.com,Female,VP Marketing
96,Tracie Gwatkins,tgwatkins2n@1und1.de,Female,Actuary
97,Farlee Guinness,fguinness2o@squarespace.com,Female,Sales Representative
98,Vernon Kervin,vkervin2p@yelp.com,Female,Safety Technician IV
99,Rae Tilston,rtilston2q@jugem.jp,Female,Compensation Analyst
100,Gardiner Staries,gstaries2r@youku.com,Male,Quality Control Specialist
